bananapim1plus/Jammy_current_nightly|https://github.com/armbian/community/releases/download/202239/Armbian_22.11.0-trunk_Bananapim1plus_jammy_current_5.15.69.img.xz|1664079260|311M|
bananapim1plus/Jammy_current_xfce_nightly|https://github.com/armbian/community/releases/download/202239/Armbian_22.11.0-trunk_Bananapim1plus_jammy_current_5.15.69_xfce_desktop.img.xz|1664079852|1145M|
bananapim1plus/Jammy_edge_nightly|https://github.com/armbian/community/releases/download/202239/Armbian_22.11.0-trunk_Bananapim1plus_jammy_edge_5.19.10.img.xz|1664079196|313M|
bananapim1plus/Jammy_edge_xfce_nightly|https://github.com/armbian/community/releases/download/202239/Armbian_22.11.0-trunk_Bananapim1plus_jammy_edge_5.19.10_xfce_desktop.img.xz|1664086339|1141M|
bananapim1plus/Sid_current_nightly|https://github.com/armbian/community/releases/download/202239/Armbian_22.11.0-trunk_Bananapim1plus_sid_current_5.15.69.img.xz|1664079248|374M|
bananapim1plus/Sid_current_xfce_nightly|https://github.com/armbian/community/releases/download/202239/Armbian_22.11.0-trunk_Bananapim1plus_sid_current_5.15.69_xfce_desktop.img.xz|1664079519|1019M|
bananapim1plus/Sid_edge_nightly|https://github.com/armbian/community/releases/download/202239/Armbian_22.11.0-trunk_Bananapim1plus_sid_edge_5.19.10.img.xz|1664079107|375M|
bananapim1plus/Sid_edge_xfce_nightly|https://github.com/armbian/community/releases/download/202239/Armbian_22.11.0-trunk_Bananapim1plus_sid_edge_5.19.10_xfce_desktop.img.xz|1664079721|1011M|
bananapim2ultra/Jammy_current_nightly|https://github.com/armbian/community/releases/download/202239/Armbian_22.11.0-trunk_Bananapim2ultra_jammy_current_5.15.69.img.xz|1664079111|311M|
bananapim2ultra/Jammy_current_xfce_nightly|https://github.com/armbian/community/releases/download/202239/Armbian_22.11.0-trunk_Bananapim2ultra_jammy_current_5.15.69_xfce_desktop.img.xz|1664086475|1129M|
bananapim2ultra/Jammy_edge_nightly|https://github.com/armbian/community/releases/download/202239/Armbian_22.11.0-trunk_Bananapim2ultra_jammy_edge_5.19.10.img.xz|1664079860|313M|
bananapim2ultra/Jammy_edge_xfce_nightly|https://github.com/armbian/community/releases/download/202239/Armbian_22.11.0-trunk_Bananapim2ultra_jammy_edge_5.19.10_xfce_desktop.img.xz|1664080500|1139M|
bananapim2ultra/Sid_current_nightly|https://github.com/armbian/community/releases/download/202239/Armbian_22.11.0-trunk_Bananapim2ultra_sid_current_5.15.69.img.xz|1664079910|374M|
bananapim2ultra/Sid_current_xfce_nightly|https://github.com/armbian/community/releases/download/202239/Armbian_22.11.0-trunk_Bananapim2ultra_sid_current_5.15.69_xfce_desktop.img.xz|1664079574|1014M|
bananapim2ultra/Sid_edge_nightly|https://github.com/armbian/community/releases/download/202239/Armbian_22.11.0-trunk_Bananapim2ultra_sid_edge_5.19.10.img.xz|1664079858|376M|
bananapim2ultra/Sid_edge_xfce_nightly|https://github.com/armbian/community/releases/download/202239/Armbian_22.11.0-trunk_Bananapim2ultra_sid_edge_5.19.10_xfce_desktop.img.xz|1664079761|1002M|
bananapim2zero/Jammy_current_nightly|https://github.com/armbian/community/releases/download/202239/Armbian_22.11.0-trunk_Bananapim2zero_jammy_current_5.15.69.img.xz|1664079467|309M|
bananapim2zero/Jammy_current_xfce_nightly|https://github.com/armbian/community/releases/download/202239/Armbian_22.11.0-trunk_Bananapim2zero_jammy_current_5.15.69_xfce_desktop.img.xz|1664080348|1134M|
bananapim2zero/Jammy_edge_nightly|https://github.com/armbian/community/releases/download/202239/Armbian_22.11.0-trunk_Bananapim2zero_jammy_edge_5.19.10.img.xz|1664079290|311M|
bananapim2zero/Jammy_edge_xfce_nightly|https://github.com/armbian/community/releases/download/202239/Armbian_22.11.0-trunk_Bananapim2zero_jammy_edge_5.19.10_xfce_desktop.img.xz|1664080419|1138M|
bananapim2zero/Sid_current_nightly|https://github.com/armbian/community/releases/download/202239/Armbian_22.11.0-trunk_Bananapim2zero_sid_current_5.15.69.img.xz|1664079138|376M|
bananapim2zero/Sid_current_xfce_nightly|https://github.com/armbian/community/releases/download/202239/Armbian_22.11.0-trunk_Bananapim2zero_sid_current_5.15.69_xfce_desktop.img.xz|1664079557|1004M|
bananapim2zero/Sid_edge_nightly|https://github.com/armbian/community/releases/download/202239/Armbian_22.11.0-trunk_Bananapim2zero_sid_edge_5.19.10.img.xz|1664079144|376M|
bananapim2zero/Sid_edge_xfce_nightly|https://github.com/armbian/community/releases/download/202239/Armbian_22.11.0-trunk_Bananapim2zero_sid_edge_5.19.10_xfce_desktop.img.xz|1664079576|1012M|
bananapim3/Jammy_current_nightly|https://github.com/armbian/community/releases/download/202239/Armbian_22.11.0-trunk_Bananapim3_jammy_current_5.15.69.img.xz|1664079939|311M|
bananapim3/Jammy_current_xfce_nightly|https://github.com/armbian/community/releases/download/202239/Armbian_22.11.0-trunk_Bananapim3_jammy_current_5.15.69_xfce_desktop.img.xz|1664080867|1137M|
bananapim3/Jammy_edge_nightly|https://github.com/armbian/community/releases/download/202239/Armbian_22.11.0-trunk_Bananapim3_jammy_edge_5.19.10.img.xz|1664079781|313M|
bananapim3/Jammy_edge_xfce_nightly|https://github.com/armbian/community/releases/download/202239/Armbian_22.11.0-trunk_Bananapim3_jammy_edge_5.19.10_xfce_desktop.img.xz|1664080890|1131M|
bananapim3/Sid_current_nightly|https://github.com/armbian/community/releases/download/202239/Armbian_22.11.0-trunk_Bananapim3_sid_current_5.15.69.img.xz|1664079699|376M|
bananapim3/Sid_current_xfce_nightly|https://github.com/armbian/community/releases/download/202239/Armbian_22.11.0-trunk_Bananapim3_sid_current_5.15.69_xfce_desktop.img.xz|1664080522|1013M|
bananapim3/Sid_edge_nightly|https://github.com/armbian/community/releases/download/202239/Armbian_22.11.0-trunk_Bananapim3_sid_edge_5.19.10.img.xz|1664079728|377M|
bananapim3/Sid_edge_xfce_nightly|https://github.com/armbian/community/releases/download/202239/Armbian_22.11.0-trunk_Bananapim3_sid_edge_5.19.10_xfce_desktop.img.xz|1664080552|1012M|
bananapir2pro/Jammy_current_nightly|https://github.com/armbian/community/releases/download/202239/Armbian_22.11.0-trunk_Bananapir2pro_jammy_current_5.18.19.img.xz|1664079978|386M|
bananapir2pro/Jammy_current_xfce_nightly|https://github.com/armbian/community/releases/download/202239/Armbian_22.11.0-trunk_Bananapir2pro_jammy_current_5.18.19_xfce_desktop.img.xz|1664081632|1290M|
bananapir2pro/Jammy_edge_nightly|https://github.com/armbian/community/releases/download/202239/Armbian_22.11.0-trunk_Bananapir2pro_jammy_edge_5.19.11.img.xz|1664080068|383M|
bananapir2pro/Jammy_edge_xfce_nightly|https://github.com/armbian/community/releases/download/202239/Armbian_22.11.0-trunk_Bananapir2pro_jammy_edge_5.19.11_xfce_desktop.img.xz|1664081012|1279M|
bananapir2pro/Sid_current_nightly|https://github.com/armbian/community/releases/download/202239/Armbian_22.11.0-trunk_Bananapir2pro_sid_current_5.18.19.img.xz|1664080048|463M|
bananapir2pro/Sid_current_xfce_nightly|https://github.com/armbian/community/releases/download/202239/Armbian_22.11.0-trunk_Bananapir2pro_sid_current_5.18.19_xfce_desktop.img.xz|1664080814|1135M|
bananapir2pro/Sid_edge_nightly|https://github.com/armbian/community/releases/download/202239/Armbian_22.11.0-trunk_Bananapir2pro_sid_edge_5.19.11.img.xz|1664079972|453M|
bananapir2pro/Sid_edge_xfce_nightly|https://github.com/armbian/community/releases/download/202239/Armbian_22.11.0-trunk_Bananapir2pro_sid_edge_5.19.11_xfce_desktop.img.xz|1664081053|1135M|
beelinkx2/Jammy_current_nightly|https://github.com/armbian/community/releases/download/202239/Armbian_22.11.0-trunk_Beelinkx2_jammy_current_5.15.69.img.xz|1664079908|309M|
beelinkx2/Jammy_current_xfce_nightly|https://github.com/armbian/community/releases/download/202239/Armbian_22.11.0-trunk_Beelinkx2_jammy_current_5.15.69_xfce_desktop.img.xz|1664081845|1143M|
beelinkx2/Jammy_edge_nightly|https://github.com/armbian/community/releases/download/202239/Armbian_22.11.0-trunk_Beelinkx2_jammy_edge_5.19.10.img.xz|1664085143|313M|
beelinkx2/Jammy_edge_xfce_nightly|https://github.com/armbian/community/releases/download/202239/Armbian_22.11.0-trunk_Beelinkx2_jammy_edge_5.19.10_xfce_desktop.img.xz|1664081783|1145M|
beelinkx2/Sid_current_nightly|https://github.com/armbian/community/releases/download/202239/Armbian_22.11.0-trunk_Beelinkx2_sid_current_5.15.69.img.xz|1664080279|376M|
beelinkx2/Sid_current_xfce_nightly|https://github.com/armbian/community/releases/download/202239/Armbian_22.11.0-trunk_Beelinkx2_sid_current_5.15.69_xfce_desktop.img.xz|1664081234|1008M|
beelinkx2/Sid_edge_nightly|https://github.com/armbian/community/releases/download/202239/Armbian_22.11.0-trunk_Beelinkx2_sid_edge_5.19.10.img.xz|1664085188|376M|
beelinkx2/Sid_edge_xfce_nightly|https://github.com/armbian/community/releases/download/202239/Armbian_22.11.0-trunk_Beelinkx2_sid_edge_5.19.10_xfce_desktop.img.xz|1664081435|1015M|
cubieboard2/Jammy_current_nightly|https://github.com/armbian/community/releases/download/202239/Armbian_22.11.0-trunk_Cubieboard2_jammy_current_5.15.69.img.xz|1664085320|313M|
cubieboard2/Jammy_current_xfce_nightly|https://github.com/armbian/community/releases/download/202239/Armbian_22.11.0-trunk_Cubieboard2_jammy_current_5.15.69_xfce_desktop.img.xz|1664082380|1145M|
cubieboard2/Jammy_edge_nightly|https://github.com/armbian/community/releases/download/202239/Armbian_22.11.0-trunk_Cubieboard2_jammy_edge_5.19.10.img.xz|1664085314|315M|
cubieboard2/Jammy_edge_xfce_nightly|https://github.com/armbian/community/releases/download/202239/Armbian_22.11.0-trunk_Cubieboard2_jammy_edge_5.19.10_xfce_desktop.img.xz|1664082443|1137M|
cubieboard2/Sid_current_nightly|https://github.com/armbian/community/releases/download/202239/Armbian_22.11.0-trunk_Cubieboard2_sid_current_5.15.69.img.xz|1664080747|374M|
cubieboard2/Sid_current_xfce_nightly|https://github.com/armbian/community/releases/download/202239/Armbian_22.11.0-trunk_Cubieboard2_sid_current_5.15.69_xfce_desktop.img.xz|1664081483|1015M|
cubieboard2/Sid_edge_nightly|https://github.com/armbian/community/releases/download/202239/Armbian_22.11.0-trunk_Cubieboard2_sid_edge_5.19.10.img.xz|1664080947|375M|
cubieboard2/Sid_edge_xfce_nightly|https://github.com/armbian/community/releases/download/202239/Armbian_22.11.0-trunk_Cubieboard2_sid_edge_5.19.10_xfce_desktop.img.xz|1664081471|1025M|
cubieboard4/Jammy_current_nightly|https://github.com/armbian/community/releases/download/202239/Armbian_22.11.0-trunk_Cubieboard4_jammy_current_5.15.69.img.xz|1664080542|310M|
cubieboard4/Jammy_current_xfce_nightly|https://github.com/armbian/community/releases/download/202239/Armbian_22.11.0-trunk_Cubieboard4_jammy_current_5.15.69_xfce_desktop.img.xz|1664082889|1146M|
cubieboard4/Jammy_edge_nightly|https://github.com/armbian/community/releases/download/202239/Armbian_22.11.0-trunk_Cubieboard4_jammy_edge_5.19.10.img.xz|1664080780|312M|
cubieboard4/Jammy_edge_xfce_nightly|https://github.com/armbian/community/releases/download/202239/Armbian_22.11.0-trunk_Cubieboard4_jammy_edge_5.19.10_xfce_desktop.img.xz|1664082846|1139M|
cubieboard4/Sid_current_nightly|https://github.com/armbian/community/releases/download/202239/Armbian_22.11.0-trunk_Cubieboard4_sid_current_5.15.69.img.xz|1664080831|376M|
cubieboard4/Sid_current_xfce_nightly|https://github.com/armbian/community/releases/download/202239/Armbian_22.11.0-trunk_Cubieboard4_sid_current_5.15.69_xfce_desktop.img.xz|1664082319|1031M|
cubieboard4/Sid_edge_nightly|https://github.com/armbian/community/releases/download/202239/Armbian_22.11.0-trunk_Cubieboard4_sid_edge_5.19.10.img.xz|1664080604|374M|
cubieboard4/Sid_edge_xfce_nightly|https://github.com/armbian/community/releases/download/202239/Armbian_22.11.0-trunk_Cubieboard4_sid_edge_5.19.10_xfce_desktop.img.xz|1664082337|1016M|
cubieboard/Jammy_current_nightly|https://github.com/armbian/community/releases/download/202239/Armbian_22.11.0-trunk_Cubieboard_jammy_current_5.15.69.img.xz|1664080607|295M|
cubieboard/Jammy_edge_nightly|https://github.com/armbian/community/releases/download/202239/Armbian_22.11.0-trunk_Cubieboard_jammy_edge_5.19.10.img.xz|1664085181|295M|
cubieboard/Sid_current_nightly|https://github.com/armbian/community/releases/download/202239/Armbian_22.11.0-trunk_Cubieboard_sid_current_5.15.69.img.xz|1664085253|346M|
cubieboard/Sid_edge_nightly|https://github.com/armbian/community/releases/download/202239/Armbian_22.11.0-trunk_Cubieboard_sid_edge_5.19.10.img.xz|1664080713|356M|
cubietruck/Jammy_current_nightly|https://github.com/armbian/community/releases/download/202239/Armbian_22.11.0-trunk_Cubietruck_jammy_current_5.15.69.img.xz|1664083408|311M|
cubietruck/Jammy_current_xfce_nightly|https://github.com/armbian/community/releases/download/202239/Armbian_22.11.0-trunk_Cubietruck_jammy_current_5.15.69_xfce_desktop.img.xz|1664083533|1147M|
cubietruck/Jammy_edge_nightly|https://github.com/armbian/community/releases/download/202239/Armbian_22.11.0-trunk_Cubietruck_jammy_edge_5.19.10.img.xz|1664080540|310M|
cubietruck/Jammy_edge_xfce_nightly|https://github.com/armbian/community/releases/download/202239/Armbian_22.11.0-trunk_Cubietruck_jammy_edge_5.19.10_xfce_desktop.img.xz|1664083585|1137M|
cubietruck/Sid_current_nightly|https://github.com/armbian/community/releases/download/202239/Armbian_22.11.0-trunk_Cubietruck_sid_current_5.15.69.img.xz|1664080765|376M|
cubietruck/Sid_current_xfce_nightly|https://github.com/armbian/community/releases/download/202239/Armbian_22.11.0-trunk_Cubietruck_sid_current_5.15.69_xfce_desktop.img.xz|1664082593|1007M|
cubietruck/Sid_edge_nightly|https://github.com/armbian/community/releases/download/202239/Armbian_22.11.0-trunk_Cubietruck_sid_edge_5.19.10.img.xz|1664080838|376M|
cubietruck/Sid_edge_xfce_nightly|https://github.com/armbian/community/releases/download/202239/Armbian_22.11.0-trunk_Cubietruck_sid_edge_5.19.10_xfce_desktop.img.xz|1664082723|1022M|
cubietruckplus/Jammy_current_nightly|https://github.com/armbian/community/releases/download/202239/Armbian_22.11.0-trunk_Cubietruckplus_jammy_current_5.15.69.img.xz|1664081055|309M|
cubietruckplus/Jammy_current_xfce_nightly|https://github.com/armbian/community/releases/download/202239/Armbian_22.11.0-trunk_Cubietruckplus_jammy_current_5.15.69_xfce_desktop.img.xz|1664083448|1137M|
cubietruckplus/Jammy_edge_nightly|https://github.com/armbian/community/releases/download/202239/Armbian_22.11.0-trunk_Cubietruckplus_jammy_edge_5.19.10.img.xz|1664081189|313M|
cubietruckplus/Jammy_edge_xfce_nightly|https://github.com/armbian/community/releases/download/202239/Armbian_22.11.0-trunk_Cubietruckplus_jammy_edge_5.19.10_xfce_desktop.img.xz|1664084048|1136M|
cubietruckplus/Sid_current_nightly|https://github.com/armbian/community/releases/download/202239/Armbian_22.11.0-trunk_Cubietruckplus_sid_current_5.15.69.img.xz|1664081124|375M|
cubietruckplus/Sid_current_xfce_nightly|https://github.com/armbian/community/releases/download/202239/Armbian_22.11.0-trunk_Cubietruckplus_sid_current_5.15.69_xfce_desktop.img.xz|1664083419|1013M|
cubietruckplus/Sid_edge_nightly|https://github.com/armbian/community/releases/download/202239/Armbian_22.11.0-trunk_Cubietruckplus_sid_edge_5.19.10.img.xz|1664081534|374M|
cubietruckplus/Sid_edge_xfce_nightly|https://github.com/armbian/community/releases/download/202239/Armbian_22.11.0-trunk_Cubietruckplus_sid_edge_5.19.10_xfce_desktop.img.xz|1664083559|1006M|
cubox-i/Jammy_current_nightly|https://github.com/armbian/community/releases/download/202239/Armbian_22.11.0-trunk_Cubox-i_jammy_current_5.15.70.img.xz|1664082018|362M|
cubox-i/Jammy_current_xfce_nightly|https://github.com/armbian/community/releases/download/202239/Armbian_22.11.0-trunk_Cubox-i_jammy_current_5.15.70_xfce_desktop.img.xz|1664087109|1186M|
cubox-i/Jammy_edge_nightly|https://github.com/armbian/community/releases/download/202239/Armbian_22.11.0-trunk_Cubox-i_jammy_edge_5.19.11.img.xz|1664081684|362M|
cubox-i/Jammy_edge_xfce_nightly|https://github.com/armbian/community/releases/download/202239/Armbian_22.11.0-trunk_Cubox-i_jammy_edge_5.19.11_xfce_desktop.img.xz|1664084341|1182M|
cubox-i/Sid_current_nightly|https://github.com/armbian/community/releases/download/202239/Armbian_22.11.0-trunk_Cubox-i_sid_current_5.15.70.img.xz|1664081728|424M|
cubox-i/Sid_current_xfce_nightly|https://github.com/armbian/community/releases/download/202239/Armbian_22.11.0-trunk_Cubox-i_sid_current_5.15.70_xfce_desktop.img.xz|1664084286|1075M|
cubox-i/Sid_edge_nightly|https://github.com/armbian/community/releases/download/202239/Armbian_22.11.0-trunk_Cubox-i_sid_edge_5.19.11.img.xz|1664081592|429M|
cubox-i/Sid_edge_xfce_nightly|https://github.com/armbian/community/releases/download/202239/Armbian_22.11.0-trunk_Cubox-i_sid_edge_5.19.11_xfce_desktop.img.xz|1664083981|1067M|
helios64/Jammy_current_nightly|https://github.com/armbian/community/releases/download/202239/Armbian_22.11.0-trunk_Helios64_jammy_current_5.15.70.img.xz|1664081623|367M|
helios64/Jammy_current_xfce_nightly|https://github.com/armbian/community/releases/download/202239/Armbian_22.11.0-trunk_Helios64_jammy_current_5.15.70_xfce_desktop.img.xz|1664086351|1271M|
helios64/Jammy_edge_nightly|https://github.com/armbian/community/releases/download/202239/Armbian_22.11.0-trunk_Helios64_jammy_edge_5.19.11.img.xz|1664081705|370M|
helios64/Jammy_edge_xfce_nightly|https://github.com/armbian/community/releases/download/202239/Armbian_22.11.0-trunk_Helios64_jammy_edge_5.19.11_xfce_desktop.img.xz|1664086750|1265M|
helios64/Sid_current_nightly|https://github.com/armbian/community/releases/download/202239/Armbian_22.11.0-trunk_Helios64_sid_current_5.15.70.img.xz|1664081649|444M|
helios64/Sid_current_xfce_nightly|https://github.com/armbian/community/releases/download/202239/Armbian_22.11.0-trunk_Helios64_sid_current_5.15.70_xfce_desktop.img.xz|1664084128|1124M|
helios64/Sid_edge_nightly|https://github.com/armbian/community/releases/download/202239/Armbian_22.11.0-trunk_Helios64_sid_edge_5.19.11.img.xz|1664081915|446M|
helios64/Sid_edge_xfce_nightly|https://github.com/armbian/community/releases/download/202239/Armbian_22.11.0-trunk_Helios64_sid_edge_5.19.11_xfce_desktop.img.xz|1664084332|1128M|
lime-a33/Jammy_current_nightly|https://github.com/armbian/community/releases/download/202239/Armbian_22.11.0-trunk_Lime-a33_jammy_current_5.15.69.img.xz|1664081994|296M|
lime-a33/Jammy_edge_nightly|https://github.com/armbian/community/releases/download/202239/Armbian_22.11.0-trunk_Lime-a33_jammy_edge_5.19.10.img.xz|1664081729|289M|
lime-a33/Sid_current_nightly|https://github.com/armbian/community/releases/download/202239/Armbian_22.11.0-trunk_Lime-a33_sid_current_5.15.69.img.xz|1664081823|351M|
lime-a33/Sid_edge_nightly|https://github.com/armbian/community/releases/download/202239/Armbian_22.11.0-trunk_Lime-a33_sid_edge_5.19.10.img.xz|1664082013|357M|
lime/Jammy_current_nightly|https://github.com/armbian/community/releases/download/202239/Armbian_22.11.0-trunk_Lime_jammy_current_5.15.69.img.xz|1664082259|312M|
lime/Jammy_current_xfce_nightly|https://github.com/armbian/community/releases/download/202239/Armbian_22.11.0-trunk_Lime_jammy_current_5.15.69_xfce_desktop.img.xz|1664086254|1140M|
lime/Jammy_edge_nightly|https://github.com/armbian/community/releases/download/202239/Armbian_22.11.0-trunk_Lime_jammy_edge_5.19.10.img.xz|1664082174|313M|
lime/Jammy_edge_xfce_nightly|https://github.com/armbian/community/releases/download/202239/Armbian_22.11.0-trunk_Lime_jammy_edge_5.19.10_xfce_desktop.img.xz|1664086408|1131M|
lime/Sid_current_nightly|https://github.com/armbian/community/releases/download/202239/Armbian_22.11.0-trunk_Lime_sid_current_5.15.69.img.xz|1664082406|377M|
lime/Sid_current_xfce_nightly|https://github.com/armbian/community/releases/download/202239/Armbian_22.11.0-trunk_Lime_sid_current_5.15.69_xfce_desktop.img.xz|1664084398|1016M|
lime/Sid_edge_nightly|https://github.com/armbian/community/releases/download/202239/Armbian_22.11.0-trunk_Lime_sid_edge_5.19.10.img.xz|1664082330|378M|
lime/Sid_edge_xfce_nightly|https://github.com/armbian/community/releases/download/202239/Armbian_22.11.0-trunk_Lime_sid_edge_5.19.10_xfce_desktop.img.xz|1664086190|1009M|
macchiatobin-doubleshot/Jammy_current_nightly|https://github.com/armbian/community/releases/download/202239/Armbian_22.11.0-trunk_Macchiatobin-doubleshot_jammy_current_5.15.70.img.xz|1664082491|296M|
macchiatobin-doubleshot/Jammy_edge_nightly|https://github.com/armbian/community/releases/download/202239/Armbian_22.11.0-trunk_Macchiatobin-doubleshot_jammy_edge_5.19.11.img.xz|1664082394|320M|
macchiatobin-doubleshot/Sid_current_nightly|https://github.com/armbian/community/releases/download/202239/Armbian_22.11.0-trunk_Macchiatobin-doubleshot_sid_current_5.15.70.img.xz|1664082557|362M|
macchiatobin-doubleshot/Sid_edge_nightly|https://github.com/armbian/community/releases/download/202239/Armbian_22.11.0-trunk_Macchiatobin-doubleshot_sid_edge_5.19.11.img.xz|1664082529|362M|
melea1000/Jammy_current_nightly|https://github.com/armbian/community/releases/download/202239/Armbian_22.11.0-trunk_Melea1000_jammy_current_5.15.69.img.xz|1664082494|296M|
melea1000/Jammy_edge_nightly|https://github.com/armbian/community/releases/download/202239/Armbian_22.11.0-trunk_Melea1000_jammy_edge_5.19.10.img.xz|1664082380|296M|
melea1000/Sid_current_nightly|https://github.com/armbian/community/releases/download/202239/Armbian_22.11.0-trunk_Melea1000_sid_current_5.15.69.img.xz|1664082496|356M|
melea1000/Sid_edge_nightly|https://github.com/armbian/community/releases/download/202239/Armbian_22.11.0-trunk_Melea1000_sid_edge_5.19.10.img.xz|1664082748|349M|
micro/Jammy_current_nightly|https://github.com/armbian/community/releases/download/202239/Armbian_22.11.0-trunk_Micro_jammy_current_5.15.69.img.xz|1664082696|310M|
micro/Jammy_current_xfce_nightly|https://github.com/armbian/community/releases/download/202239/Armbian_22.11.0-trunk_Micro_jammy_current_5.15.69_xfce_desktop.img.xz|1664086896|1137M|
micro/Jammy_edge_nightly|https://github.com/armbian/community/releases/download/202239/Armbian_22.11.0-trunk_Micro_jammy_edge_5.19.10.img.xz|1664083032|311M|
micro/Jammy_edge_xfce_nightly|https://github.com/armbian/community/releases/download/202239/Armbian_22.11.0-trunk_Micro_jammy_edge_5.19.10_xfce_desktop.img.xz|1664086788|1139M|
micro/Sid_current_nightly|https://github.com/armbian/community/releases/download/202239/Armbian_22.11.0-trunk_Micro_sid_current_5.15.69.img.xz|1664083482|375M|
micro/Sid_current_xfce_nightly|https://github.com/armbian/community/releases/download/202239/Armbian_22.11.0-trunk_Micro_sid_current_5.15.69_xfce_desktop.img.xz|1664086934|1007M|
micro/Sid_edge_nightly|https://github.com/armbian/community/releases/download/202239/Armbian_22.11.0-trunk_Micro_sid_edge_5.19.10.img.xz|1664083528|376M|
micro/Sid_edge_xfce_nightly|https://github.com/armbian/community/releases/download/202239/Armbian_22.11.0-trunk_Micro_sid_edge_5.19.10_xfce_desktop.img.xz|1664085510|1007M|
mk808c/Jammy_current_nightly|https://github.com/armbian/community/releases/download/202239/Armbian_22.11.0-trunk_Mk808c_jammy_current_5.15.69.img.xz|1664083251|296M|
mk808c/Jammy_edge_nightly|https://github.com/armbian/community/releases/download/202239/Armbian_22.11.0-trunk_Mk808c_jammy_edge_5.19.10.img.xz|1664083264|297M|
mk808c/Sid_current_nightly|https://github.com/armbian/community/releases/download/202239/Armbian_22.11.0-trunk_Mk808c_sid_current_5.15.69.img.xz|1664083332|353M|
mk808c/Sid_edge_nightly|https://github.com/armbian/community/releases/download/202239/Armbian_22.11.0-trunk_Mk808c_sid_edge_5.19.10.img.xz|1664083940|356M|
nanopia64/Jammy_current_nightly|https://github.com/armbian/community/releases/download/202239/Armbian_22.11.0-trunk_Nanopia64_jammy_current_5.15.69.img.xz|1664083362|338M|
nanopia64/Jammy_current_xfce_nightly|https://github.com/armbian/community/releases/download/202239/Armbian_22.11.0-trunk_Nanopia64_jammy_current_5.15.69_xfce_desktop.img.xz|1664088199|1235M|
nanopia64/Jammy_edge_nightly|https://github.com/armbian/community/releases/download/202239/Armbian_22.11.0-trunk_Nanopia64_jammy_edge_5.19.10.img.xz|1664083526|340M|
nanopia64/Jammy_edge_xfce_nightly|https://github.com/armbian/community/releases/download/202239/Armbian_22.11.0-trunk_Nanopia64_jammy_edge_5.19.10_xfce_desktop.img.xz|1664088213|1218M|
nanopia64/Sid_current_nightly|https://github.com/armbian/community/releases/download/202239/Armbian_22.11.0-trunk_Nanopia64_sid_current_5.15.69.img.xz|1664083405|414M|
nanopia64/Sid_current_xfce_nightly|https://github.com/armbian/community/releases/download/202239/Armbian_22.11.0-trunk_Nanopia64_sid_current_5.15.69_xfce_desktop.img.xz|1664088764|1092M|
nanopia64/Sid_edge_nightly|https://github.com/armbian/community/releases/download/202239/Armbian_22.11.0-trunk_Nanopia64_sid_edge_5.19.10.img.xz|1664088214|414M|
nanopia64/Sid_edge_xfce_nightly|https://github.com/armbian/community/releases/download/202239/Armbian_22.11.0-trunk_Nanopia64_sid_edge_5.19.10_xfce_desktop.img.xz|1664088928|1097M|
nanopiair/Jammy_current_nightly|https://github.com/armbian/community/releases/download/202239/Armbian_22.11.0-trunk_Nanopiair_jammy_current_5.15.69.img.xz|1664083299|286M|
nanopiair/Jammy_edge_nightly|https://github.com/armbian/community/releases/download/202239/Armbian_22.11.0-trunk_Nanopiair_jammy_edge_5.19.10.img.xz|1664083437|296M|
nanopiair/Sid_current_nightly|https://github.com/armbian/community/releases/download/202239/Armbian_22.11.0-trunk_Nanopiair_sid_current_5.15.69.img.xz|1664083748|355M|
nanopiair/Sid_edge_nightly|https://github.com/armbian/community/releases/download/202239/Armbian_22.11.0-trunk_Nanopiair_sid_edge_5.19.10.img.xz|1664083749|358M|
nanopiduo2/Jammy_current_nightly|https://github.com/armbian/community/releases/download/202239/Armbian_22.11.0-trunk_Nanopiduo2_jammy_current_5.15.69.img.xz|1664083828|295M|
nanopiduo2/Jammy_edge_nightly|https://github.com/armbian/community/releases/download/202239/Armbian_22.11.0-trunk_Nanopiduo2_jammy_edge_5.19.10.img.xz|1664084159|297M|
nanopiduo2/Sid_edge_nightly|https://github.com/armbian/community/releases/download/202239/Armbian_22.11.0-trunk_Nanopiduo2_sid_edge_5.19.10.img.xz|1664084126|358M|
nanopiduo/Jammy_current_nightly|https://github.com/armbian/community/releases/download/202239/Armbian_22.11.0-trunk_Nanopiduo_jammy_current_5.15.69.img.xz|1664083727|291M|
nanopiduo/Jammy_edge_nightly|https://github.com/armbian/community/releases/download/202239/Armbian_22.11.0-trunk_Nanopiduo_jammy_edge_5.19.10.img.xz|1664083752|297M|
nanopiduo/Sid_current_nightly|https://github.com/armbian/community/releases/download/202239/Armbian_22.11.0-trunk_Nanopiduo_sid_current_5.15.69.img.xz|1664084139|356M|
nanopiduo/Sid_edge_nightly|https://github.com/armbian/community/releases/download/202239/Armbian_22.11.0-trunk_Nanopiduo_sid_edge_5.19.10.img.xz|1664085142|357M|
nanopik2-s905/Jammy_current_nightly|https://github.com/armbian/community/releases/download/202239/Armbian_22.11.0-trunk_Nanopik2-s905_jammy_current_5.10.145.img.xz|1664084183|362M|
nanopik2-s905/Jammy_current_xfce_nightly|https://github.com/armbian/community/releases/download/202239/Armbian_22.11.0-trunk_Nanopik2-s905_jammy_current_5.10.145_xfce_desktop.img.xz|1664089365|1239M|
nanopik2-s905/Jammy_edge_nightly|https://github.com/armbian/community/releases/download/202239/Armbian_22.11.0-trunk_Nanopik2-s905_jammy_edge_5.19.11.img.xz|1664084303|376M|
nanopik2-s905/Jammy_edge_xfce_nightly|https://github.com/armbian/community/releases/download/202239/Armbian_22.11.0-trunk_Nanopik2-s905_jammy_edge_5.19.11_xfce_desktop.img.xz|1664089489|1280M|
nanopik2-s905/Sid_current_nightly|https://github.com/armbian/community/releases/download/202239/Armbian_22.11.0-trunk_Nanopik2-s905_sid_current_5.10.145.img.xz|1664085516|432M|
nanopik2-s905/Sid_current_xfce_nightly|https://github.com/armbian/community/releases/download/202239/Armbian_22.11.0-trunk_Nanopik2-s905_sid_current_5.10.145_xfce_desktop.img.xz|1664089169|1118M|
nanopik2-s905/Sid_edge_nightly|https://github.com/armbian/community/releases/download/202239/Armbian_22.11.0-trunk_Nanopik2-s905_sid_edge_5.19.11.img.xz|1664085468|453M|
nanopik2-s905/Sid_edge_xfce_nightly|https://github.com/armbian/community/releases/download/202239/Armbian_22.11.0-trunk_Nanopik2-s905_sid_edge_5.19.11_xfce_desktop.img.xz|1664089235|1128M|
nanopineo2black/Jammy_current_nightly|https://github.com/armbian/community/releases/download/202239/Armbian_22.11.0-trunk_Nanopineo2black_jammy_current_5.15.69.img.xz|1664084280|321M|
nanopineo2black/Jammy_edge_nightly|https://github.com/armbian/community/releases/download/202239/Armbian_22.11.0-trunk_Nanopineo2black_jammy_edge_5.19.10.img.xz|1664084241|321M|
nanopineo2black/Sid_current_nightly|https://github.com/armbian/community/releases/download/202239/Armbian_22.11.0-trunk_Nanopineo2black_sid_current_5.15.69.img.xz|1664084336|384M|
nanopineo2black/Sid_edge_nightly|https://github.com/armbian/community/releases/download/202239/Armbian_22.11.0-trunk_Nanopineo2black_sid_edge_5.19.10.img.xz|1664085438|388M|
nanopineo3/Jammy_current_nightly|https://github.com/armbian/community/releases/download/202239/Armbian_22.11.0-trunk_Nanopineo3_jammy_current_5.15.70.img.xz|1664085330|330M|
nanopineo3/Jammy_edge_nightly|https://github.com/armbian/community/releases/download/202239/Armbian_22.11.0-trunk_Nanopineo3_jammy_edge_5.19.11.img.xz|1664085358|324M|
nanopineo3/Sid_current_nightly|https://github.com/armbian/community/releases/download/202239/Armbian_22.11.0-trunk_Nanopineo3_sid_current_5.15.70.img.xz|1664087244|419M|
nanopineo3/Sid_edge_nightly|https://github.com/armbian/community/releases/download/202239/Armbian_22.11.0-trunk_Nanopineo3_sid_edge_5.19.11.img.xz|1664087279|414M|
nanopineo4/Jammy_current_nightly|https://github.com/armbian/community/releases/download/202239/Armbian_22.11.0-trunk_Nanopineo4_jammy_current_5.15.70.img.xz|1664087251|365M|
nanopineo4/Jammy_current_xfce_nightly|https://github.com/armbian/community/releases/download/202239/Armbian_22.11.0-trunk_Nanopineo4_jammy_current_5.15.70_xfce_desktop.img.xz|1664090517|1266M|
nanopineo4/Jammy_edge_nightly|https://github.com/armbian/community/releases/download/202239/Armbian_22.11.0-trunk_Nanopineo4_jammy_edge_5.19.11.img.xz|1664087149|367M|
nanopineo4/Jammy_edge_xfce_nightly|https://github.com/armbian/community/releases/download/202239/Armbian_22.11.0-trunk_Nanopineo4_jammy_edge_5.19.11_xfce_desktop.img.xz|1664090615|1273M|
nanopineo4/Sid_current_nightly|https://github.com/armbian/community/releases/download/202239/Armbian_22.11.0-trunk_Nanopineo4_sid_current_5.15.70.img.xz|1664087235|436M|
nanopineo4/Sid_current_xfce_nightly|https://github.com/armbian/community/releases/download/202239/Armbian_22.11.0-trunk_Nanopineo4_sid_current_5.15.70_xfce_desktop.img.xz|1664089371|1115M|
nanopineo4/Sid_edge_nightly|https://github.com/armbian/community/releases/download/202239/Armbian_22.11.0-trunk_Nanopineo4_sid_edge_5.19.11.img.xz|1664087190|436M|
nanopineo4/Sid_edge_xfce_nightly|https://github.com/armbian/community/releases/download/202239/Armbian_22.11.0-trunk_Nanopineo4_sid_edge_5.19.11_xfce_desktop.img.xz|1664089436|1135M|
nanopineocore2/Jammy_current_nightly|https://github.com/armbian/community/releases/download/202239/Armbian_22.11.0-trunk_Nanopineocore2_jammy_current_5.15.69.img.xz|1664087223|320M|
nanopineocore2/Jammy_edge_nightly|https://github.com/armbian/community/releases/download/202239/Armbian_22.11.0-trunk_Nanopineocore2_jammy_edge_5.19.10.img.xz|1664087287|321M|
nanopineocore2/Sid_current_nightly|https://github.com/armbian/community/releases/download/202239/Armbian_22.11.0-trunk_Nanopineocore2_sid_current_5.15.69.img.xz|1664086989|394M|
nanopineocore2/Sid_edge_nightly|https://github.com/armbian/community/releases/download/202239/Armbian_22.11.0-trunk_Nanopineocore2_sid_edge_5.19.10.img.xz|1664080773|389M|
olinux-som-a13/Jammy_current_nightly|https://github.com/armbian/community/releases/download/202239/Armbian_22.11.0-trunk_Olinux-som-a13_jammy_current_5.15.69.img.xz|1664079848|296M|
olinux-som-a13/Jammy_edge_nightly|https://github.com/armbian/community/releases/download/202239/Armbian_22.11.0-trunk_Olinux-som-a13_jammy_edge_5.19.10.img.xz|1664080103|297M|
olinux-som-a13/Sid_current_nightly|https://github.com/armbian/community/releases/download/202239/Armbian_22.11.0-trunk_Olinux-som-a13_sid_current_5.15.69.img.xz|1664080032|355M|
olinux-som-a13/Sid_edge_nightly|https://github.com/armbian/community/releases/download/202239/Armbian_22.11.0-trunk_Olinux-som-a13_sid_edge_5.19.10.img.xz|1664080329|358M|
onecloud/Jammy_current_nightly|https://github.com/armbian/community/releases/download/202239/Armbian_22.11.0-trunk_Onecloud_jammy_current_5.15.70.img.xz|1664079676|267M|
onecloud/Jammy_current_xfce_nightly|https://github.com/armbian/community/releases/download/202239/Armbian_22.11.0-trunk_Onecloud_jammy_current_5.15.70_xfce_desktop.img.xz|1664091105|1103M|
onecloud/Jammy_edge_nightly|https://github.com/armbian/community/releases/download/202239/Armbian_22.11.0-trunk_Onecloud_jammy_edge_5.18.19.img.xz|1664079554|267M|
onecloud/Jammy_edge_xfce_nightly|https://github.com/armbian/community/releases/download/202239/Armbian_22.11.0-trunk_Onecloud_jammy_edge_5.18.19_xfce_desktop.img.xz|1664090705|1085M|
onecloud/Sid_current_nightly|https://github.com/armbian/community/releases/download/202239/Armbian_22.11.0-trunk_Onecloud_sid_current_5.15.70.img.xz|1664080160|333M|
onecloud/Sid_current_xfce_nightly|https://github.com/armbian/community/releases/download/202239/Armbian_22.11.0-trunk_Onecloud_sid_current_5.15.70_xfce_desktop.img.xz|1664090490|968M|
onecloud/Sid_edge_nightly|https://github.com/armbian/community/releases/download/202239/Armbian_22.11.0-trunk_Onecloud_sid_edge_5.18.19.img.xz|1664079704|331M|
onecloud/Sid_edge_xfce_nightly|https://github.com/armbian/community/releases/download/202239/Armbian_22.11.0-trunk_Onecloud_sid_edge_5.18.19_xfce_desktop.img.xz|1664090610|968M|
orangepi-rk3399/Jammy_current_nightly|https://github.com/armbian/community/releases/download/202239/Armbian_22.11.0-trunk_Orangepi-rk3399_jammy_current_5.15.70.img.xz|1664080105|365M|
orangepi-rk3399/Jammy_current_xfce_nightly|https://github.com/armbian/community/releases/download/202239/Armbian_22.11.0-trunk_Orangepi-rk3399_jammy_current_5.15.70_xfce_desktop.img.xz|1664091832|1261M|
orangepi-rk3399/Jammy_edge_nightly|https://github.com/armbian/community/releases/download/202239/Armbian_22.11.0-trunk_Orangepi-rk3399_jammy_edge_5.19.11.img.xz|1664080313|367M|
orangepi-rk3399/Jammy_edge_xfce_nightly|https://github.com/armbian/community/releases/download/202239/Armbian_22.11.0-trunk_Orangepi-rk3399_jammy_edge_5.19.11_xfce_desktop.img.xz|1664091190|1268M|
orangepi-rk3399/Sid_current_nightly|https://github.com/armbian/community/releases/download/202239/Armbian_22.11.0-trunk_Orangepi-rk3399_sid_current_5.15.70.img.xz|1664080466|439M|
orangepi-rk3399/Sid_current_xfce_nightly|https://github.com/armbian/community/releases/download/202239/Armbian_22.11.0-trunk_Orangepi-rk3399_sid_current_5.15.70_xfce_desktop.img.xz|1664091256|1114M|
orangepi-rk3399/Sid_edge_nightly|https://github.com/armbian/community/releases/download/202239/Armbian_22.11.0-trunk_Orangepi-rk3399_sid_edge_5.19.11.img.xz|1664081723|443M|
orangepi-rk3399/Sid_edge_xfce_nightly|https://github.com/armbian/community/releases/download/202239/Armbian_22.11.0-trunk_Orangepi-rk3399_sid_edge_5.19.11_xfce_desktop.img.xz|1664091337|1111M|
orangepi2/Jammy_current_nightly|https://github.com/armbian/community/releases/download/202239/Armbian_22.11.0-trunk_Orangepi2_jammy_current_5.15.69.img.xz|1664081326|312M|
orangepi2/Jammy_current_xfce_nightly|https://github.com/armbian/community/releases/download/202239/Armbian_22.11.0-trunk_Orangepi2_jammy_current_5.15.69_xfce_desktop.img.xz|1664091776|1132M|
orangepi2/Jammy_edge_nightly|https://github.com/armbian/community/releases/download/202239/Armbian_22.11.0-trunk_Orangepi2_jammy_edge_5.19.10.img.xz|1664081570|309M|
orangepi2/Jammy_edge_xfce_nightly|https://github.com/armbian/community/releases/download/202239/Armbian_22.11.0-trunk_Orangepi2_jammy_edge_5.19.10_xfce_desktop.img.xz|1664092134|1131M|
orangepi2/Sid_current_nightly|https://github.com/armbian/community/releases/download/202239/Armbian_22.11.0-trunk_Orangepi2_sid_current_5.15.69.img.xz|1664081485|375M|
orangepi2/Sid_current_xfce_nightly|https://github.com/armbian/community/releases/download/202239/Armbian_22.11.0-trunk_Orangepi2_sid_current_5.15.69_xfce_desktop.img.xz|1664091303|1009M|
orangepi2/Sid_edge_nightly|https://github.com/armbian/community/releases/download/202239/Armbian_22.11.0-trunk_Orangepi2_sid_edge_5.19.10.img.xz|1664081922|376M|
orangepi2/Sid_edge_xfce_nightly|https://github.com/armbian/community/releases/download/202239/Armbian_22.11.0-trunk_Orangepi2_sid_edge_5.19.10_xfce_desktop.img.xz|1664080963|1015M|
orangepiplus/Jammy_current_nightly|https://github.com/armbian/community/releases/download/202239/Armbian_22.11.0-trunk_Orangepiplus_jammy_current_5.15.69.img.xz|1664082104|311M|
orangepiplus/Jammy_current_xfce_nightly|https://github.com/armbian/community/releases/download/202239/Armbian_22.11.0-trunk_Orangepiplus_jammy_current_5.15.69_xfce_desktop.img.xz|1664092442|1135M|
orangepiplus/Jammy_edge_nightly|https://github.com/armbian/community/releases/download/202239/Armbian_22.11.0-trunk_Orangepiplus_jammy_edge_5.19.10.img.xz|1664082036|313M|
orangepiplus/Jammy_edge_xfce_nightly|https://github.com/armbian/community/releases/download/202239/Armbian_22.11.0-trunk_Orangepiplus_jammy_edge_5.19.10_xfce_desktop.img.xz|1664082248|1139M|
orangepiplus/Sid_current_nightly|https://github.com/armbian/community/releases/download/202239/Armbian_22.11.0-trunk_Orangepiplus_sid_current_5.15.69.img.xz|1664082293|375M|
orangepiplus/Sid_current_xfce_nightly|https://github.com/armbian/community/releases/download/202239/Armbian_22.11.0-trunk_Orangepiplus_sid_current_5.15.69_xfce_desktop.img.xz|1664080976|1008M|
orangepiplus/Sid_edge_nightly|https://github.com/armbian/community/releases/download/202239/Armbian_22.11.0-trunk_Orangepiplus_sid_edge_5.19.10.img.xz|1664082794|376M|
orangepiplus/Sid_edge_xfce_nightly|https://github.com/armbian/community/releases/download/202239/Armbian_22.11.0-trunk_Orangepiplus_sid_edge_5.19.10_xfce_desktop.img.xz|1664081297|1019M|
orangepiwin/Jammy_current_nightly|https://github.com/armbian/community/releases/download/202239/Armbian_22.11.0-trunk_Orangepiwin_jammy_current_5.15.69.img.xz|1664082738|340M|
orangepiwin/Jammy_current_xfce_nightly|https://github.com/armbian/community/releases/download/202239/Armbian_22.11.0-trunk_Orangepiwin_jammy_current_5.15.69_xfce_desktop.img.xz|1664091737|1246M|
orangepiwin/Jammy_edge_nightly|https://github.com/armbian/community/releases/download/202239/Armbian_22.11.0-trunk_Orangepiwin_jammy_edge_5.19.10.img.xz|1664083602|340M|
orangepiwin/Jammy_edge_xfce_nightly|https://github.com/armbian/community/releases/download/202239/Armbian_22.11.0-trunk_Orangepiwin_jammy_edge_5.19.10_xfce_desktop.img.xz|1664082140|1231M|
orangepiwin/Sid_current_nightly|https://github.com/armbian/community/releases/download/202239/Armbian_22.11.0-trunk_Orangepiwin_sid_current_5.15.69.img.xz|1664084046|416M|
orangepiwin/Sid_current_xfce_nightly|https://github.com/armbian/community/releases/download/202239/Armbian_22.11.0-trunk_Orangepiwin_sid_current_5.15.69_xfce_desktop.img.xz|1664080930|1104M|
orangepiwin/Sid_edge_nightly|https://github.com/armbian/community/releases/download/202239/Armbian_22.11.0-trunk_Orangepiwin_sid_edge_5.19.10.img.xz|1664084380|409M|
orangepiwin/Sid_edge_xfce_nightly|https://github.com/armbian/community/releases/download/202239/Armbian_22.11.0-trunk_Orangepiwin_sid_edge_5.19.10_xfce_desktop.img.xz|1664082318|1089M|
orangepizeroplus2-h5/Jammy_current_nightly|https://github.com/armbian/community/releases/download/202239/Armbian_22.11.0-trunk_Orangepizeroplus2-h5_jammy_current_5.15.69.img.xz|1664084116|322M|
orangepizeroplus2-h5/Jammy_edge_nightly|https://github.com/armbian/community/releases/download/202239/Armbian_22.11.0-trunk_Orangepizeroplus2-h5_jammy_edge_5.19.10.img.xz|1664084014|323M|
orangepizeroplus2-h5/Sid_current_nightly|https://github.com/armbian/community/releases/download/202239/Armbian_22.11.0-trunk_Orangepizeroplus2-h5_sid_current_5.15.69.img.xz|1664084219|395M|
orangepizeroplus2-h5/Sid_edge_nightly|https://github.com/armbian/community/releases/download/202239/Armbian_22.11.0-trunk_Orangepizeroplus2-h5_sid_edge_5.19.10.img.xz|1664084168|388M|
pcduino3/Jammy_current_nightly|https://github.com/armbian/community/releases/download/202239/Armbian_22.11.0-trunk_Pcduino3_jammy_current_5.15.69.img.xz|1664084207|311M|
pcduino3/Jammy_current_xfce_nightly|https://github.com/armbian/community/releases/download/202239/Armbian_22.11.0-trunk_Pcduino3_jammy_current_5.15.69_xfce_desktop.img.xz|1664082982|1152M|
pcduino3/Jammy_edge_nightly|https://github.com/armbian/community/releases/download/202239/Armbian_22.11.0-trunk_Pcduino3_jammy_edge_5.19.10.img.xz|1664086977|312M|
pcduino3/Jammy_edge_xfce_nightly|https://github.com/armbian/community/releases/download/202239/Armbian_22.11.0-trunk_Pcduino3_jammy_edge_5.19.10_xfce_desktop.img.xz|1664083323|1139M|
pcduino3/Sid_current_nightly|https://github.com/armbian/community/releases/download/202239/Armbian_22.11.0-trunk_Pcduino3_sid_current_5.15.69.img.xz|1664087243|374M|
pcduino3/Sid_current_xfce_nightly|https://github.com/armbian/community/releases/download/202239/Armbian_22.11.0-trunk_Pcduino3_sid_current_5.15.69_xfce_desktop.img.xz|1664081923|1014M|
pcduino3/Sid_edge_nightly|https://github.com/armbian/community/releases/download/202239/Armbian_22.11.0-trunk_Pcduino3_sid_edge_5.19.10.img.xz|1664087217|370M|
pcduino3/Sid_edge_xfce_nightly|https://github.com/armbian/community/releases/download/202239/Armbian_22.11.0-trunk_Pcduino3_sid_edge_5.19.10_xfce_desktop.img.xz|1664082008|1014M|
pinebook-a64/Jammy_current_nightly|https://github.com/armbian/community/releases/download/202239/Armbian_22.11.0-trunk_Pinebook-a64_jammy_current_5.15.69.img.xz|1664087041|330M|
pinebook-a64/Jammy_current_xfce_nightly|https://github.com/armbian/community/releases/download/202239/Armbian_22.11.0-trunk_Pinebook-a64_jammy_current_5.15.69_xfce_desktop.img.xz|1664083361|1243M|
pinebook-a64/Jammy_edge_nightly|https://github.com/armbian/community/releases/download/202239/Armbian_22.11.0-trunk_Pinebook-a64_jammy_edge_5.19.10.img.xz|1664089214|340M|
pinebook-a64/Jammy_edge_xfce_nightly|https://github.com/armbian/community/releases/download/202239/Armbian_22.11.0-trunk_Pinebook-a64_jammy_edge_5.19.10_xfce_desktop.img.xz|1664092532|1237M|
pinebook-a64/Sid_current_nightly|https://github.com/armbian/community/releases/download/202239/Armbian_22.11.0-trunk_Pinebook-a64_sid_current_5.15.69.img.xz|1664089336|415M|
pinebook-a64/Sid_current_xfce_nightly|https://github.com/armbian/community/releases/download/202239/Armbian_22.11.0-trunk_Pinebook-a64_sid_current_5.15.69_xfce_desktop.img.xz|1664092380|1099M|
pinebook-a64/Sid_edge_nightly|https://github.com/armbian/community/releases/download/202239/Armbian_22.11.0-trunk_Pinebook-a64_sid_edge_5.19.10.img.xz|1664089357|414M|
pinebook-a64/Sid_edge_xfce_nightly|https://github.com/armbian/community/releases/download/202239/Armbian_22.11.0-trunk_Pinebook-a64_sid_edge_5.19.10_xfce_desktop.img.xz|1664092391|1098M|
pinecube/Jammy_current_nightly|https://github.com/armbian/community/releases/download/202239/Armbian_22.11.0-trunk_Pinecube_jammy_current_5.15.69.img.xz|1664089070|295M|
pinecube/Jammy_edge_nightly|https://github.com/armbian/community/releases/download/202239/Armbian_22.11.0-trunk_Pinecube_jammy_edge_5.19.10.img.xz|1664089231|296M|
pinecube/Sid_current_nightly|https://github.com/armbian/community/releases/download/202239/Armbian_22.11.0-trunk_Pinecube_sid_current_5.15.69.img.xz|1664089029|357M|
pinecube/Sid_edge_nightly|https://github.com/armbian/community/releases/download/202239/Armbian_22.11.0-trunk_Pinecube_sid_edge_5.19.10.img.xz|1664089324|355M|
pineh64/Jammy_current_nightly|https://github.com/armbian/community/releases/download/202239/Armbian_22.11.0-trunk_Pineh64_jammy_current_5.15.69.img.xz|1664089312|339M|
pineh64/Jammy_current_xfce_nightly|https://github.com/armbian/community/releases/download/202239/Armbian_22.11.0-trunk_Pineh64_jammy_current_5.15.69_xfce_desktop.img.xz|1664093089|1216M|
pineh64/Jammy_edge_nightly|https://github.com/armbian/community/releases/download/202239/Armbian_22.11.0-trunk_Pineh64_jammy_edge_5.19.10.img.xz|1664089303|340M|
pineh64/Jammy_edge_xfce_nightly|https://github.com/armbian/community/releases/download/202239/Armbian_22.11.0-trunk_Pineh64_jammy_edge_5.19.10_xfce_desktop.img.xz|1664092966|1233M|
pineh64/Sid_current_nightly|https://github.com/armbian/community/releases/download/202239/Armbian_22.11.0-trunk_Pineh64_sid_current_5.15.69.img.xz|1664089373|397M|
pineh64/Sid_current_xfce_nightly|https://github.com/armbian/community/releases/download/202239/Armbian_22.11.0-trunk_Pineh64_sid_current_5.15.69_xfce_desktop.img.xz|1664092252|1094M|
pineh64/Sid_edge_nightly|https://github.com/armbian/community/releases/download/202239/Armbian_22.11.0-trunk_Pineh64_sid_edge_5.19.10.img.xz|1664089452|397M|
pineh64/Sid_edge_xfce_nightly|https://github.com/armbian/community/releases/download/202239/Armbian_22.11.0-trunk_Pineh64_sid_edge_5.19.10_xfce_desktop.img.xz|1664092243|1098M|
quartz64a/Jammy_current_nightly|https://github.com/armbian/community/releases/download/202239/Armbian_22.11.0-trunk_Quartz64a_jammy_current_5.18.19.img.xz|1664089423|371M|
quartz64a/Jammy_current_xfce_nightly|https://github.com/armbian/community/releases/download/202239/Armbian_22.11.0-trunk_Quartz64a_jammy_current_5.18.19_xfce_desktop.img.xz|1664094729|1290M|
quartz64a/Jammy_edge_nightly|https://github.com/armbian/community/releases/download/202239/Armbian_22.11.0-trunk_Quartz64a_jammy_edge_5.19.11.img.xz|1664090659|384M|
quartz64a/Jammy_edge_xfce_nightly|https://github.com/armbian/community/releases/download/202239/Armbian_22.11.0-trunk_Quartz64a_jammy_edge_5.19.11_xfce_desktop.img.xz|1664094648|1280M|
quartz64a/Sid_current_nightly|https://github.com/armbian/community/releases/download/202239/Armbian_22.11.0-trunk_Quartz64a_sid_current_5.18.19.img.xz|1664090743|463M|
quartz64a/Sid_current_xfce_nightly|https://github.com/armbian/community/releases/download/202239/Armbian_22.11.0-trunk_Quartz64a_sid_current_5.18.19_xfce_desktop.img.xz|1664094555|1147M|
quartz64a/Sid_edge_nightly|https://github.com/armbian/community/releases/download/202239/Armbian_22.11.0-trunk_Quartz64a_sid_edge_5.19.11.img.xz|1664090571|460M|
quartz64a/Sid_edge_xfce_nightly|https://github.com/armbian/community/releases/download/202239/Armbian_22.11.0-trunk_Quartz64a_sid_edge_5.19.11_xfce_desktop.img.xz|1664094616|1145M|
radxa-zero2/Jammy_current_nightly|https://github.com/armbian/community/releases/download/202239/Armbian_22.11.0-trunk_Radxa-zero2_jammy_current_5.10.145.img.xz|1664090468|362M|
radxa-zero2/Jammy_current_xfce_nightly|https://github.com/armbian/community/releases/download/202239/Armbian_22.11.0-trunk_Radxa-zero2_jammy_current_5.10.145_xfce_desktop.img.xz|1664094786|1241M|
radxa-zero2/Jammy_edge_nightly|https://github.com/armbian/community/releases/download/202239/Armbian_22.11.0-trunk_Radxa-zero2_jammy_edge_5.19.11.img.xz|1664090398|377M|
radxa-zero2/Jammy_edge_xfce_nightly|https://github.com/armbian/community/releases/download/202239/Armbian_22.11.0-trunk_Radxa-zero2_jammy_edge_5.19.11_xfce_desktop.img.xz|1664095266|1274M|
radxa-zero2/Sid_current_nightly|https://github.com/armbian/community/releases/download/202239/Armbian_22.11.0-trunk_Radxa-zero2_sid_current_5.10.145.img.xz|1664090473|431M|
radxa-zero2/Sid_current_xfce_nightly|https://github.com/armbian/community/releases/download/202239/Armbian_22.11.0-trunk_Radxa-zero2_sid_current_5.10.145_xfce_desktop.img.xz|1664094468|1109M|
radxa-zero2/Sid_edge_nightly|https://github.com/armbian/community/releases/download/202239/Armbian_22.11.0-trunk_Radxa-zero2_sid_edge_5.19.11.img.xz|1664090554|453M|
radxa-zero2/Sid_edge_xfce_nightly|https://github.com/armbian/community/releases/download/202239/Armbian_22.11.0-trunk_Radxa-zero2_sid_edge_5.19.11_xfce_desktop.img.xz|1664094223|1136M|
recore/Jammy_current_nightly|https://github.com/armbian/community/releases/download/202239/Armbian_22.11.0-trunk_Recore_jammy_current_5.15.69.img.xz|1664090565|338M|
recore/Jammy_current_xfce_nightly|https://github.com/armbian/community/releases/download/202239/Armbian_22.11.0-trunk_Recore_jammy_current_5.15.69_xfce_desktop.img.xz|1664100906|1248M|
recore/Jammy_edge_nightly|https://github.com/armbian/community/releases/download/202239/Armbian_22.11.0-trunk_Recore_jammy_edge_5.19.10.img.xz|1664090534|340M|
recore/Jammy_edge_xfce_nightly|https://github.com/armbian/community/releases/download/202239/Armbian_22.11.0-trunk_Recore_jammy_edge_5.19.10_xfce_desktop.img.xz|1664088058|1244M|
recore/Sid_current_nightly|https://github.com/armbian/community/releases/download/202239/Armbian_22.11.0-trunk_Recore_sid_current_5.15.69.img.xz|1664090560|407M|
recore/Sid_current_xfce_nightly|https://github.com/armbian/community/releases/download/202239/Armbian_22.11.0-trunk_Recore_sid_current_5.15.69_xfce_desktop.img.xz|1664087493|1107M|
recore/Sid_edge_nightly|https://github.com/armbian/community/releases/download/202239/Armbian_22.11.0-trunk_Recore_sid_edge_5.19.10.img.xz|1664090546|397M|
recore/Sid_edge_xfce_nightly|https://github.com/armbian/community/releases/download/202239/Armbian_22.11.0-trunk_Recore_sid_edge_5.19.10_xfce_desktop.img.xz|1664087217|1105M|
rk322x-box/Jammy_edge_nightly|https://github.com/armbian/community/releases/download/202239/Armbian_22.11.0-trunk_Rk322x-box_jammy_edge_5.19.11.img.xz|1664087643|291M|
rk322x-box/Jammy_edge_xfce_nightly|https://github.com/armbian/community/releases/download/202239/Armbian_22.11.0-trunk_Rk322x-box_jammy_edge_5.19.11_xfce_desktop.img.xz|1664089319|1109M|
rk322x-box/Sid_edge_nightly|https://github.com/armbian/community/releases/download/202239/Armbian_22.11.0-trunk_Rk322x-box_sid_edge_5.19.11.img.xz|1664089264|353M|
rk322x-box/Sid_edge_xfce_nightly|https://github.com/armbian/community/releases/download/202239/Armbian_22.11.0-trunk_Rk322x-box_sid_edge_5.19.11_xfce_desktop.img.xz|1664090608|988M|
rk3318-box/Jammy_current_nightly|https://github.com/armbian/community/releases/download/202239/Armbian_22.11.0-trunk_Rk3318-box_jammy_current_5.15.70.img.xz|1664090320|365M|
rk3318-box/Jammy_current_xfce_nightly|https://github.com/armbian/community/releases/download/202239/Armbian_22.11.0-trunk_Rk3318-box_jammy_current_5.15.70_xfce_desktop.img.xz|1664092263|1267M|
rk3318-box/Jammy_edge_nightly|https://github.com/armbian/community/releases/download/202239/Armbian_22.11.0-trunk_Rk3318-box_jammy_edge_5.19.11.img.xz|1664090336|367M|
rk3318-box/Jammy_edge_xfce_nightly|https://github.com/armbian/community/releases/download/202239/Armbian_22.11.0-trunk_Rk3318-box_jammy_edge_5.19.11_xfce_desktop.img.xz|1664091912|1267M|
rk3318-box/Sid_current_nightly|https://github.com/armbian/community/releases/download/202239/Armbian_22.11.0-trunk_Rk3318-box_sid_current_5.15.70.img.xz|1664090764|441M|
rk3318-box/Sid_current_xfce_nightly|https://github.com/armbian/community/releases/download/202239/Armbian_22.11.0-trunk_Rk3318-box_sid_current_5.15.70_xfce_desktop.img.xz|1664090840|1117M|
rk3318-box/Sid_edge_nightly|https://github.com/armbian/community/releases/download/202239/Armbian_22.11.0-trunk_Rk3318-box_sid_edge_5.19.11.img.xz|1664090797|443M|
rk3318-box/Sid_edge_xfce_nightly|https://github.com/armbian/community/releases/download/202239/Armbian_22.11.0-trunk_Rk3318-box_sid_edge_5.19.11_xfce_desktop.img.xz|1664091522|1132M|
roc-rk3399-pc/Jammy_current_nightly|https://github.com/armbian/community/releases/download/202239/Armbian_22.11.0-trunk_Roc-rk3399-pc_jammy_current_5.15.70.img.xz|1664090694|367M|
roc-rk3399-pc/Jammy_current_xfce_nightly|https://github.com/armbian/community/releases/download/202239/Armbian_22.11.0-trunk_Roc-rk3399-pc_jammy_current_5.15.70_xfce_desktop.img.xz|1664092849|1269M|
roc-rk3399-pc/Jammy_edge_nightly|https://github.com/armbian/community/releases/download/202239/Armbian_22.11.0-trunk_Roc-rk3399-pc_jammy_edge_5.19.11.img.xz|1664090798|367M|
roc-rk3399-pc/Jammy_edge_xfce_nightly|https://github.com/armbian/community/releases/download/202239/Armbian_22.11.0-trunk_Roc-rk3399-pc_jammy_edge_5.19.11_xfce_desktop.img.xz|1664092952|1272M|
roc-rk3399-pc/Sid_current_nightly|https://github.com/armbian/community/releases/download/202239/Armbian_22.11.0-trunk_Roc-rk3399-pc_sid_current_5.15.70.img.xz|1664091021|441M|
roc-rk3399-pc/Sid_current_xfce_nightly|https://github.com/armbian/community/releases/download/202239/Armbian_22.11.0-trunk_Roc-rk3399-pc_sid_current_5.15.70_xfce_desktop.img.xz|1664092210|1123M|
roc-rk3399-pc/Sid_edge_nightly|https://github.com/armbian/community/releases/download/202239/Armbian_22.11.0-trunk_Roc-rk3399-pc_sid_edge_5.19.11.img.xz|1664091156|443M|
roc-rk3399-pc/Sid_edge_xfce_nightly|https://github.com/armbian/community/releases/download/202239/Armbian_22.11.0-trunk_Roc-rk3399-pc_sid_edge_5.19.11_xfce_desktop.img.xz|1664092917|1118M|
rock-5b/Jammy_legacy_nightly|https://github.com/armbian/community/releases/download/202239/Armbian_22.11.0-trunk_Rock-5b_jammy_legacy_5.10.72.img.xz|1664091150|320M|
rock-5b/Jammy_legacy_xfce_nightly|https://github.com/armbian/community/releases/download/202239/Armbian_22.11.0-trunk_Rock-5b_jammy_legacy_5.10.72_xfce_desktop.img.xz|1664094160|1227M|
rock-5b/Sid_legacy_nightly|https://github.com/armbian/community/releases/download/202239/Armbian_22.11.0-trunk_Rock-5b_sid_legacy_5.10.72.img.xz|1664091943|395M|
rock-5b/Sid_legacy_xfce_nightly|https://github.com/armbian/community/releases/download/202239/Armbian_22.11.0-trunk_Rock-5b_sid_legacy_5.10.72_xfce_desktop.img.xz|1664093841|1078M|
rockpi-4bplus/Jammy_edge_nightly|https://github.com/armbian/community/releases/download/202239/Armbian_22.11.0-trunk_Rockpi-4bplus_jammy_edge_5.19.11.img.xz|1664091863|368M|
rockpi-4bplus/Jammy_edge_xfce_nightly|https://github.com/armbian/community/releases/download/202239/Armbian_22.11.0-trunk_Rockpi-4bplus_jammy_edge_5.19.11_xfce_desktop.img.xz|1664096110|1275M|
rockpi-4bplus/Sid_edge_nightly|https://github.com/armbian/community/releases/download/202239/Armbian_22.11.0-trunk_Rockpi-4bplus_sid_edge_5.19.11.img.xz|1664093669|438M|
rockpi-4bplus/Sid_edge_xfce_nightly|https://github.com/armbian/community/releases/download/202239/Armbian_22.11.0-trunk_Rockpi-4bplus_sid_edge_5.19.11_xfce_desktop.img.xz|1664096059|1129M|
rockpi-e/Jammy_current_nightly|https://github.com/armbian/community/releases/download/202239/Armbian_22.11.0-trunk_Rockpi-e_jammy_current_5.15.70.img.xz|1664094563|347M|
rockpi-e/Jammy_edge_nightly|https://github.com/armbian/community/releases/download/202239/Armbian_22.11.0-trunk_Rockpi-e_jammy_edge_5.19.11.img.xz|1664094792|348M|
rockpi-e/Sid_current_nightly|https://github.com/armbian/community/releases/download/202239/Armbian_22.11.0-trunk_Rockpi-e_sid_current_5.15.70.img.xz|1664095228|419M|
rockpi-e/Sid_edge_nightly|https://github.com/armbian/community/releases/download/202239/Armbian_22.11.0-trunk_Rockpi-e_sid_edge_5.19.11.img.xz|1664095429|417M|
rockpi-n10/Jammy_current_nightly|https://github.com/armbian/community/releases/download/202239/Armbian_22.11.0-trunk_Rockpi-n10_jammy_current_5.15.70.img.xz|1664095385|366M|
rockpi-n10/Jammy_current_xfce_nightly|https://github.com/armbian/community/releases/download/202239/Armbian_22.11.0-trunk_Rockpi-n10_jammy_current_5.15.70_xfce_desktop.img.xz|1664097731|1270M|
rockpi-n10/Jammy_edge_nightly|https://github.com/armbian/community/releases/download/202239/Armbian_22.11.0-trunk_Rockpi-n10_jammy_edge_5.19.11.img.xz|1664095397|367M|
rockpi-n10/Jammy_edge_xfce_nightly|https://github.com/armbian/community/releases/download/202239/Armbian_22.11.0-trunk_Rockpi-n10_jammy_edge_5.19.11_xfce_desktop.img.xz|1664098222|1266M|
rockpi-n10/Sid_current_nightly|https://github.com/armbian/community/releases/download/202239/Armbian_22.11.0-trunk_Rockpi-n10_sid_current_5.15.70.img.xz|1664095679|436M|
rockpi-n10/Sid_current_xfce_nightly|https://github.com/armbian/community/releases/download/202239/Armbian_22.11.0-trunk_Rockpi-n10_sid_current_5.15.70_xfce_desktop.img.xz|1664097501|1128M|
rockpi-n10/Sid_edge_nightly|https://github.com/armbian/community/releases/download/202239/Armbian_22.11.0-trunk_Rockpi-n10_sid_edge_5.19.11.img.xz|1664096122|439M|
rockpi-n10/Sid_edge_xfce_nightly|https://github.com/armbian/community/releases/download/202239/Armbian_22.11.0-trunk_Rockpi-n10_sid_edge_5.19.11_xfce_desktop.img.xz|1664097399|1133M|
rpi4b/Jammy_current_nightly|https://github.com/armbian/community/releases/download/202239/Armbian_22.11.0-trunk_Rpi4b_jammy_current_5.15.68.img.xz|1664095861|600M|
rpi4b/Jammy_current_xfce_nightly|https://github.com/armbian/community/releases/download/202239/Armbian_22.11.0-trunk_Rpi4b_jammy_current_5.15.68_xfce_desktop.img.xz|1664099246|1546M|
rpi4b/Jammy_edge_nightly|https://github.com/armbian/community/releases/download/202239/Armbian_22.11.0-trunk_Rpi4b_jammy_edge_5.19.9.img.xz|1664095964|638M|
rpi4b/Jammy_edge_xfce_nightly|https://github.com/armbian/community/releases/download/202239/Armbian_22.11.0-trunk_Rpi4b_jammy_edge_5.19.9_xfce_desktop.img.xz|1664098743|1563M|
sunvell-r69/Jammy_current_nightly|https://github.com/armbian/community/releases/download/202239/Armbian_22.11.0-trunk_Sunvell-r69_jammy_current_5.15.69.img.xz|1664096059|312M|
sunvell-r69/Jammy_current_xfce_nightly|https://github.com/armbian/community/releases/download/202239/Armbian_22.11.0-trunk_Sunvell-r69_jammy_current_5.15.69_xfce_desktop.img.xz|1664099373|1133M|
sunvell-r69/Jammy_edge_nightly|https://github.com/armbian/community/releases/download/202239/Armbian_22.11.0-trunk_Sunvell-r69_jammy_edge_5.19.10.img.xz|1664097420|310M|
sunvell-r69/Jammy_edge_xfce_nightly|https://github.com/armbian/community/releases/download/202239/Armbian_22.11.0-trunk_Sunvell-r69_jammy_edge_5.19.10_xfce_desktop.img.xz|1664093649|1141M|
sunvell-r69/Sid_current_nightly|https://github.com/armbian/community/releases/download/202239/Armbian_22.11.0-trunk_Sunvell-r69_sid_current_5.15.69.img.xz|1664099149|375M|
sunvell-r69/Sid_current_xfce_nightly|https://github.com/armbian/community/releases/download/202239/Armbian_22.11.0-trunk_Sunvell-r69_sid_current_5.15.69_xfce_desktop.img.xz|1664098559|1026M|
sunvell-r69/Sid_edge_nightly|https://github.com/armbian/community/releases/download/202239/Armbian_22.11.0-trunk_Sunvell-r69_sid_edge_5.19.10.img.xz|1664099035|377M|
sunvell-r69/Sid_edge_xfce_nightly|https://github.com/armbian/community/releases/download/202239/Armbian_22.11.0-trunk_Sunvell-r69_sid_edge_5.19.10_xfce_desktop.img.xz|1664099292|1015M|
teres-a64/Jammy_current_nightly|https://github.com/armbian/community/releases/download/202239/Armbian_22.11.0-trunk_Teres-a64_jammy_current_5.15.69.img.xz|1664099308|340M|
teres-a64/Jammy_current_xfce_nightly|https://github.com/armbian/community/releases/download/202239/Armbian_22.11.0-trunk_Teres-a64_jammy_current_5.15.69_xfce_desktop.img.xz|1664094962|1225M|
teres-a64/Jammy_edge_nightly|https://github.com/armbian/community/releases/download/202239/Armbian_22.11.0-trunk_Teres-a64_jammy_edge_5.19.10.img.xz|1664093568|340M|
teres-a64/Jammy_edge_xfce_nightly|https://github.com/armbian/community/releases/download/202239/Armbian_22.11.0-trunk_Teres-a64_jammy_edge_5.19.10_xfce_desktop.img.xz|1664095278|1242M|
teres-a64/Sid_current_nightly|https://github.com/armbian/community/releases/download/202239/Armbian_22.11.0-trunk_Teres-a64_sid_current_5.15.69.img.xz|1664094252|416M|
teres-a64/Sid_current_xfce_nightly|https://github.com/armbian/community/releases/download/202239/Armbian_22.11.0-trunk_Teres-a64_sid_current_5.15.69_xfce_desktop.img.xz|1664094533|1105M|
teres-a64/Sid_edge_nightly|https://github.com/armbian/community/releases/download/202239/Armbian_22.11.0-trunk_Teres-a64_sid_edge_5.19.10.img.xz|1664094395|410M|
teres-a64/Sid_edge_xfce_nightly|https://github.com/armbian/community/releases/download/202239/Armbian_22.11.0-trunk_Teres-a64_sid_edge_5.19.10_xfce_desktop.img.xz|1664095234|1105M|
tinkerboard-2/Jammy_current_nightly|https://github.com/armbian/community/releases/download/202239/Armbian_22.11.0-trunk_Tinkerboard-2_jammy_current_5.15.70.img.xz|1664094365|366M|
tinkerboard-2/Jammy_current_xfce_nightly|https://github.com/armbian/community/releases/download/202239/Armbian_22.11.0-trunk_Tinkerboard-2_jammy_current_5.15.70_xfce_desktop.img.xz|1664096262|1270M|
tinkerboard-2/Jammy_edge_nightly|https://github.com/armbian/community/releases/download/202239/Armbian_22.11.0-trunk_Tinkerboard-2_jammy_edge_5.19.11.img.xz|1664095210|367M|
tinkerboard-2/Jammy_edge_xfce_nightly|https://github.com/armbian/community/releases/download/202239/Armbian_22.11.0-trunk_Tinkerboard-2_jammy_edge_5.19.11_xfce_desktop.img.xz|1664096615|1254M|
tinkerboard-2/Sid_current_nightly|https://github.com/armbian/community/releases/download/202239/Armbian_22.11.0-trunk_Tinkerboard-2_sid_current_5.15.70.img.xz|1664095545|438M|
tinkerboard-2/Sid_current_xfce_nightly|https://github.com/armbian/community/releases/download/202239/Armbian_22.11.0-trunk_Tinkerboard-2_sid_current_5.15.70_xfce_desktop.img.xz|1664098075|1121M|
tinkerboard-2/Sid_edge_nightly|https://github.com/armbian/community/releases/download/202239/Armbian_22.11.0-trunk_Tinkerboard-2_sid_edge_5.19.11.img.xz|1664096317|443M|
tinkerboard-2/Sid_edge_xfce_nightly|https://github.com/armbian/community/releases/download/202239/Armbian_22.11.0-trunk_Tinkerboard-2_sid_edge_5.19.11_xfce_desktop.img.xz|1664098788|1133M|
udoo/Jammy_current_nightly|https://github.com/armbian/community/releases/download/202239/Armbian_22.11.0-trunk_Udoo_jammy_current_5.15.70.img.xz|1664096609|359M|
udoo/Jammy_current_xfce_nightly|https://github.com/armbian/community/releases/download/202239/Armbian_22.11.0-trunk_Udoo_jammy_current_5.15.70_xfce_desktop.img.xz|1664099188|1188M|
udoo/Jammy_edge_nightly|https://github.com/armbian/community/releases/download/202239/Armbian_22.11.0-trunk_Udoo_jammy_edge_5.19.11.img.xz|1664096785|364M|
udoo/Jammy_edge_xfce_nightly|https://github.com/armbian/community/releases/download/202239/Armbian_22.11.0-trunk_Udoo_jammy_edge_5.19.11_xfce_desktop.img.xz|1664099334|1196M|
udoo/Sid_current_nightly|https://github.com/armbian/community/releases/download/202239/Armbian_22.11.0-trunk_Udoo_sid_current_5.15.70.img.xz|1664096864|423M|
udoo/Sid_current_xfce_nightly|https://github.com/armbian/community/releases/download/202239/Armbian_22.11.0-trunk_Udoo_sid_current_5.15.70_xfce_desktop.img.xz|1664098621|1070M|
udoo/Sid_edge_nightly|https://github.com/armbian/community/releases/download/202239/Armbian_22.11.0-trunk_Udoo_sid_edge_5.19.11.img.xz|1664096961|428M|
udoo/Sid_edge_xfce_nightly|https://github.com/armbian/community/releases/download/202239/Armbian_22.11.0-trunk_Udoo_sid_edge_5.19.11_xfce_desktop.img.xz|1664098992|1065M|
virtual-qemu/Jammy_current_nightly|https://github.com/armbian/community/releases/download/202239/Armbian_22.11.0-trunk_Virtual-qemu_jammy_current_5.10.145.img.xz|1664097526|347M|
virtual-qemu/Jammy_current_xfce_nightly|https://github.com/armbian/community/releases/download/202239/Armbian_22.11.0-trunk_Virtual-qemu_jammy_current_5.10.145_xfce_desktop.img.xz|1664100819|1245M|
virtual-qemu/Sid_current_nightly|https://github.com/armbian/community/releases/download/202239/Armbian_22.11.0-trunk_Virtual-qemu_sid_current_5.10.145.img.xz|1664097904|420M|
virtual-qemu/Sid_current_xfce_nightly|https://github.com/armbian/community/releases/download/202239/Armbian_22.11.0-trunk_Virtual-qemu_sid_current_5.10.145_xfce_desktop.img.xz|1664100397|1116M|
xt-q8l-v10/Jammy_current_nightly|https://github.com/armbian/community/releases/download/202239/Armbian_22.11.0-trunk_Xt-q8l-v10_jammy_current_5.15.70.img.xz|1664097870|301M|
xt-q8l-v10/Jammy_current_xfce_nightly|https://github.com/armbian/community/releases/download/202239/Armbian_22.11.0-trunk_Xt-q8l-v10_jammy_current_5.15.70_xfce_desktop.img.xz|1664100654|1118M|
xt-q8l-v10/Jammy_edge_nightly|https://github.com/armbian/community/releases/download/202239/Armbian_22.11.0-trunk_Xt-q8l-v10_jammy_edge_5.19.11.img.xz|1664098326|298M|
xt-q8l-v10/Jammy_edge_xfce_nightly|https://github.com/armbian/community/releases/download/202239/Armbian_22.11.0-trunk_Xt-q8l-v10_jammy_edge_5.19.11_xfce_desktop.img.xz|1664102933|1124M|
xt-q8l-v10/Sid_current_nightly|https://github.com/armbian/community/releases/download/202239/Armbian_22.11.0-trunk_Xt-q8l-v10_sid_current_5.15.70.img.xz|1664098654|365M|
xt-q8l-v10/Sid_current_xfce_nightly|https://github.com/armbian/community/releases/download/202239/Armbian_22.11.0-trunk_Xt-q8l-v10_sid_current_5.15.70_xfce_desktop.img.xz|1664101256|1007M|
xt-q8l-v10/Sid_edge_nightly|https://github.com/armbian/community/releases/download/202239/Armbian_22.11.0-trunk_Xt-q8l-v10_sid_edge_5.19.11.img.xz|1664099439|364M|
xt-q8l-v10/Sid_edge_xfce_nightly|https://github.com/armbian/community/releases/download/202239/Armbian_22.11.0-trunk_Xt-q8l-v10_sid_edge_5.19.11_xfce_desktop.img.xz|1664101862|1001M|
z28pro/Jammy_current_nightly|https://github.com/armbian/community/releases/download/202239/Armbian_22.11.0-trunk_Z28pro_jammy_current_5.15.70.img.xz|1664100872|366M|
z28pro/Jammy_current_xfce_nightly|https://github.com/armbian/community/releases/download/202239/Armbian_22.11.0-trunk_Z28pro_jammy_current_5.15.70_xfce_desktop.img.xz|1664103256|1265M|
z28pro/Sid_current_nightly|https://github.com/armbian/community/releases/download/202239/Armbian_22.11.0-trunk_Z28pro_sid_current_5.15.70.img.xz|1664101231|441M|
z28pro/Sid_current_xfce_nightly|https://github.com/armbian/community/releases/download/202239/Armbian_22.11.0-trunk_Z28pro_sid_current_5.15.70_xfce_desktop.img.xz|1664102106|1126M|
